{
  "caption": "عدد المشاريع الجاري تنفيذها وليست ضمن برامجها الزمنية ومتعثرة)",
  "subCaption": "الوحدة = مشروع",
  "xAxisName": "المنطقة",
  "yAxisName": "عدد المشاريع",
  "formatnumberscale": "1",
  "plottooltext": " <b>$seriesName :<\/b> <b>$dataValue<\/b> مشروع في منطقة  $label ",
  "theme": "fusion",
  "drawcrossline": "1" ,
  "baseFontFamily":"Cairo,sans-serif",
  "captionFont":"Cairo,sans-serif",
  "legendItemFont":"Cairo,sans-serif",
  "showLegend" : "1",
  "legendallowdrag" : "1",
  "showcanvasbg" : "0" ,
  "rotatevalues": "1",
  "showValues" : "0",
  "labeldisplay" : "Rotate",
  "slantLabel" : "1" ,
  "showplotBorder": "1",
  "plotHighlightEffect": "fadeout|  anchorBgAlpha=200 , color=#7f7f7f, alpha=60",
  "palette":"1",
  "paletteColors" : "5D62B5,29C3BE,F2726F,FFC533,62B58F,BC95DF,67CDF2,588526,B3AA00,008ED6,9D080D,A186BE,CC6600,FDC689,ABA000,F26D7D,FFF200,0054A6,F7941C,CC3300,006600,663300,6DCFF6",
  "captionFontSize": "20",
  "captionFontBold": "0",
  "baseFont" :  "Cairo,sans-serif",
  "baseFontSize": "20",
  "xAxisNameFontColor": "#8e8e8e",
  "yAxisNameFontColor": "#8e8e8e",
  "xAxisNameFontBold": "900",
  "yAxisNameFontBold": "900",
  "xAxisNameFontSize": "20",
  "yAxisNameFontSize": "20"
}
