{
  "chart": {
    "caption": "تقسيم المقاولين الي مجموعات باستخدام خوارزمية التجميع",
    "subCaption": "الوحدة = مشروع",
    "xAxisName": "المقاول",
    "yAxisName": "تكلفة المشاريع",
    "formatnumberscale": "1",
    "plottooltext": "  عدد المشاريع $xDataValue و اجمالي تكلفة المشاريع $yDataValue  مليون ريال لــ $displayValue - $seriesName",
    "theme": "fusion",
    "drawcrossline": "1",
    "numberScaleValue": "1000,1000,1000",
    "bgcolor":"ffffff",
    "paletteColors" : "5D62B5,29C3BE,F2726F,FFC533,62B58F,BC95DF,67CDF2,588526,B3AA00,008ED6,9D080D,A186BE,CC6600,FDC689,ABA000,F26D7D,FFF200,0054A6,F7941C,CC3300,006600,663300,6DCFF6",
    "baseFontFamily":"Cairo,sans-serif",
    "captionFont":"Cairo,sans-serif",
    "legendItemFont":"Cairo,sans-serif",
    "showLegend" : "1",
    "legendallowdrag" : "1",
    "basefontsize" : "18" ,
    "showcanvasbg" : "0" ,
    "showvalues" :"0" ,
    "labelDisplay" : "Rotate" ,
    "slantLabel" : "1",
    "rotatevalues": "1",
    "showValues" : "0",
    "labeldisplay" : "Rotate",
    "palette":"1",
    "captionFontSize": "20",
    "captionFontBold": "0",
    "baseFont" :  "Cairo,sans-serif",
    "baseFontSize": "20",
    "xAxisNameFontColor": "#8e8e8e",
    "yAxisNameFontColor": "#8e8e8e",
    "xAxisNameFontBold": "900",
    "yAxisNameFontBold": "900",
    "xAxisNameFontSize": "20",
    "yAxisNameFontSize": "20"
  },
  "head": ["عدد المشاريع", "اجمالي تكلفة المشاريع (بالمليون ريال)", "المجموعة"],
  "head2": ["المجموعة الدنيا", "المجموعة المتوسطة", "المجموعة العليا"]
}
